의회명,공식코드,지역,공식홈페이지,회의록진입URL,홈페이지관측,직접어댑터,공식근거
서울특별시의회,002001,서울특별시,https://www.smc.seoul.kr/main/index.do,,page_content_observed,,https://clik.nanet.go.kr/potal/guide/relateSite.do
서울특별시 강남구의회,002002,서울특별시,https://www.gncouncil.go.kr/,,page_content_observed,,https://clik.nanet.go.kr/potal/guide/relateSite.do
서울특별시 강동구의회,002003,서울특별시,,,lookup_failed,,https://clik.nanet.go.kr/potal/guide/relateSite.do
서울특별시 강북구의회,002004,서울특별시,https://council.gangbuk.go.kr/,,page_content_observed,,https://clik.nanet.go.kr/potal/guide/relateSite.do
서울특별시 강서구의회,002005,서울특별시,https://gsc.gangseo.seoul.kr/,,page_content_observed,,https://clik.nanet.go.kr/potal/guide/relateSite.do
서울특별시 관악구의회,002006,서울특별시,https://www.ga21c.seoul.kr/,,page_content_observed,,https://clik.nanet.go.kr/potal/guide/relateSite.do
서울특별시 광진구의회,002007,서울특별시,https://council.gwangjin.go.kr/,https://council.gwangjin.go.kr/kr/assembly/late,page_content_observed,,https://clik.nanet.go.kr/potal/guide/relateSite.do
서울특별시 구로구의회,002008,서울특별시,https://www.guroc.go.kr/,,page_content_observed,,https://clik.nanet.go.kr/potal/guide/relateSite.do
서울특별시 금천구의회,002009,서울특별시,https://council.geumcheon.go.kr/council/kr/main.do,,page_content_observed,,https://clik.nanet.go.kr/potal/guide/relateSite.do
서울특별시 노원구의회,002010,서울특별시,https://council.nowon.kr/kr/main.do,,page_content_observed,,https://clik.nanet.go.kr/potal/guide/relateSite.do
서울특별시 도봉구의회,002011,서울특별시,https://www.council-dobong.seoul.kr/kr/main.do,,page_content_observed,,https://clik.nanet.go.kr/potal/guide/relateSite.do
서울특별시 동대문구의회,002012,서울특별시,https://council.ddm.go.kr/,,page_content_observed,,https://clik.nanet.go.kr/potal/guide/relateSite.do
서울특별시 동작구의회,002013,서울특별시,https://assembly.dongjak.go.kr/,,page_content_observed,,https://clik.nanet.go.kr/potal/guide/relateSite.do
서울특별시 마포구의회,002014,서울특별시,https://council.mapo.seoul.kr/kr/main.do,,page_content_observed,,https://clik.nanet.go.kr/potal/guide/relateSite.do
서울특별시 서대문구의회,002015,서울특별시,https://www.sdmcouncil.go.kr/,,limited_page_content,,https://clik.nanet.go.kr/potal/guide/relateSite.do
서울특별시 서초구의회,002016,서울특별시,https://www.sdc.seoul.kr/kr/main.do,,page_content_observed,,https://clik.nanet.go.kr/potal/guide/relateSite.do
서울특별시 성동구의회,002017,서울특별시,,,lookup_failed,,https://clik.nanet.go.kr/potal/guide/relateSite.do
서울특별시 성북구의회,002018,서울특별시,,,lookup_failed,,https://clik.nanet.go.kr/potal/guide/relateSite.do
서울특별시 송파구의회,002019,서울특별시,https://council.songpa.go.kr/kr/main.do,https://council.songpa.go.kr/kr/assembly/late.do,page_content_observed,,https://clik.nanet.go.kr/potal/guide/relateSite.do
서울특별시 양천구의회,002020,서울특별시,https://www.ycc.go.kr/index.php/,,page_content_observed,,https://clik.nanet.go.kr/potal/guide/relateSite.do
서울특별시 영등포구의회,002021,서울특별시,,,lookup_failed,,https://clik.nanet.go.kr/potal/guide/relateSite.do
서울특별시 용산구의회,002022,서울특별시,https://www.yscl.go.kr/,,page_content_observed,,https://clik.nanet.go.kr/potal/guide/relateSite.do
서울특별시 은평구의회,002023,서울특별시,https://council.ep.go.kr/,,page_content_observed,,https://clik.nanet.go.kr/potal/guide/relateSite.do
서울특별시 종로구의회,002024,서울특별시,https://council.jongno.go.kr/council/main.do,,page_content_observed,,https://clik.nanet.go.kr/potal/guide/relateSite.do
서울특별시 중구의회,002025,서울특별시,https://council.junggu.seoul.kr/,,page_content_observed,,https://clik.nanet.go.kr/potal/guide/relateSite.do
서울특별시 중랑구의회,002026,서울특별시,https://council.jungnang.go.kr/,,page_content_observed,,https://clik.nanet.go.kr/potal/guide/relateSite.do
부산광역시의회,051001,부산광역시,https://council.busan.go.kr/council/index,,page_content_observed,,https://clik.nanet.go.kr/potal/guide/relateSite.do
부산광역시 강서구의회,051002,부산광역시,,,not_checked,,https://clik.nanet.go.kr/potal/guide/relateSite.do
부산광역시 금정구의회,051003,부산광역시,,,not_checked,,https://clik.nanet.go.kr/potal/guide/relateSite.do
부산광역시 남구의회,051005,부산광역시,,,not_checked,,https://clik.nanet.go.kr/potal/guide/relateSite.do
부산광역시 동구의회,051006,부산광역시,,,not_checked,,https://clik.nanet.go.kr/potal/guide/relateSite.do
부산광역시 동래구의회,051007,부산광역시,,,not_checked,,https://clik.nanet.go.kr/potal/guide/relateSite.do
부산광역시 부산진구의회,051008,부산광역시,,,not_checked,,https://clik.nanet.go.kr/potal/guide/relateSite.do
부산광역시 북구의회,051009,부산광역시,,,not_checked,,https://clik.nanet.go.kr/potal/guide/relateSite.do
부산광역시 사상구의회,051010,부산광역시,,,not_checked,,https://clik.nanet.go.kr/potal/guide/relateSite.do
부산광역시 사하구의회,051011,부산광역시,,,not_checked,,https://clik.nanet.go.kr/potal/guide/relateSite.do
부산광역시 서구의회,051012,부산광역시,,,not_checked,,https://clik.nanet.go.kr/potal/guide/relateSite.do
부산광역시 수영구의회,051013,부산광역시,,,not_checked,,https://clik.nanet.go.kr/potal/guide/relateSite.do
부산광역시 연제구의회,051014,부산광역시,,,not_checked,,https://clik.nanet.go.kr/potal/guide/relateSite.do
부산광역시 영도구의회,051015,부산광역시,,,not_checked,,https://clik.nanet.go.kr/potal/guide/relateSite.do
부산광역시 중구의회,051016,부산광역시,,,not_checked,,https://clik.nanet.go.kr/potal/guide/relateSite.do
부산광역시 해운대구의회,051017,부산광역시,,,not_checked,,https://clik.nanet.go.kr/potal/guide/relateSite.do
부산광역시 기장군의회,051004,부산광역시,,,not_checked,,https://clik.nanet.go.kr/potal/guide/relateSite.do
대구광역시의회,053001,대구광역시,,,lookup_failed,,https://clik.nanet.go.kr/potal/guide/relateSite.do
대구광역시 남구의회,053002,대구광역시,,,not_checked,,https://clik.nanet.go.kr/potal/guide/relateSite.do
대구광역시 달서구의회,053003,대구광역시,,,not_checked,,https://clik.nanet.go.kr/potal/guide/relateSite.do
대구광역시 동구의회,053005,대구광역시,,,not_checked,,https://clik.nanet.go.kr/potal/guide/relateSite.do
대구광역시 북구의회,053006,대구광역시,,,not_checked,,https://clik.nanet.go.kr/potal/guide/relateSite.do
대구광역시 서구의회,053007,대구광역시,,,not_checked,,https://clik.nanet.go.kr/potal/guide/relateSite.do
대구광역시 수성구의회,053008,대구광역시,,,not_checked,,https://clik.nanet.go.kr/potal/guide/relateSite.do
대구광역시 중구의회,053009,대구광역시,,,not_checked,,https://clik.nanet.go.kr/potal/guide/relateSite.do
대구광역시 달성군의회,053004,대구광역시,,,not_checked,,https://clik.nanet.go.kr/potal/guide/relateSite.do
인천광역시의회,032001,인천광역시,https://www.icouncil.go.kr/,,page_content_observed,,https://clik.nanet.go.kr/potal/guide/relateSite.do
인천광역시 계양구의회,032003,인천광역시,,,not_checked,,https://clik.nanet.go.kr/potal/guide/relateSite.do
인천광역시 미추홀구의회,032004,인천광역시,,,not_checked,,https://clik.nanet.go.kr/potal/guide/relateSite.do
인천광역시 남동구의회,032005,인천광역시,,,not_checked,,https://clik.nanet.go.kr/potal/guide/relateSite.do
인천광역시 동구의회,,인천광역시,,,not_checked,,https://clik.nanet.go.kr/potal/guide/relateSite.do
인천광역시 부평구의회,032007,인천광역시,,,not_checked,,https://clik.nanet.go.kr/potal/guide/relateSite.do
인천광역시 서구의회,,인천광역시,,,not_checked,,https://clik.nanet.go.kr/potal/guide/relateSite.do
인천광역시 연수구의회,032009,인천광역시,,,not_checked,,https://clik.nanet.go.kr/potal/guide/relateSite.do
인천광역시 중구의회,,인천광역시,,,not_checked,,https://clik.nanet.go.kr/potal/guide/relateSite.do
인천광역시 강화군의회,032002,인천광역시,,,not_checked,,https://clik.nanet.go.kr/potal/guide/relateSite.do
인천광역시 옹진군의회,032010,인천광역시,,,not_checked,,https://clik.nanet.go.kr/potal/guide/relateSite.do
광주광역시의회,062001,광주광역시,https://council.gwangju.go.kr/,,limited_page_content,,https://clik.nanet.go.kr/potal/guide/relateSite.do
전남광주통합특별시 광산구의회,062002,전남광주통합특별시,,,lookup_failed,,https://clik.nanet.go.kr/potal/guide/relateSite.do
전남광주통합특별시 남구의회,062003,전남광주통합특별시,,,lookup_failed,,https://clik.nanet.go.kr/potal/guide/relateSite.do
전남광주통합특별시 동구의회,062004,전남광주통합특별시,https://gjdc.donggu.kr/,,page_content_observed,,https://clik.nanet.go.kr/potal/guide/relateSite.do
전남광주통합특별시 북구의회,062005,전남광주통합특별시,https://council.bukgu.gwangju.kr/,,limited_page_content,,https://clik.nanet.go.kr/potal/guide/relateSite.do
전남광주통합특별시 서구의회,062006,전남광주통합특별시,https://www.gjsc.or.kr/kr/main.do,https://www.gjsc.or.kr/kr/assembly/late.do,page_content_observed,seogu,https://clik.nanet.go.kr/potal/guide/relateSite.do
대전광역시의회,042001,대전광역시,,,lookup_failed,,https://clik.nanet.go.kr/potal/guide/relateSite.do
대전광역시 대덕구의회,042002,대전광역시,,,not_checked,,https://clik.nanet.go.kr/potal/guide/relateSite.do
대전광역시 동구의회,042003,대전광역시,,,not_checked,,https://clik.nanet.go.kr/potal/guide/relateSite.do
대전광역시 서구의회,042004,대전광역시,,,not_checked,,https://clik.nanet.go.kr/potal/guide/relateSite.do
대전광역시 유성구의회,042005,대전광역시,,,not_checked,,https://clik.nanet.go.kr/potal/guide/relateSite.do
대전광역시 중구의회,042006,대전광역시,,,not_checked,,https://clik.nanet.go.kr/potal/guide/relateSite.do
울산광역시의회,052001,울산광역시,,,lookup_failed,,https://clik.nanet.go.kr/potal/guide/relateSite.do
울산광역시 남구의회,052002,울산광역시,,,not_checked,,https://clik.nanet.go.kr/potal/guide/relateSite.do
울산광역시 동구의회,052003,울산광역시,,,not_checked,,https://clik.nanet.go.kr/potal/guide/relateSite.do
울산광역시 북구의회,052004,울산광역시,,,not_checked,,https://clik.nanet.go.kr/potal/guide/relateSite.do
울산광역시 중구의회,052006,울산광역시,,,not_checked,,https://clik.nanet.go.kr/potal/guide/relateSite.do
울산광역시 울주군의회,052005,울산광역시,,,not_checked,,https://clik.nanet.go.kr/potal/guide/relateSite.do
세종특별자치시의회,044001,세종특별자치시,https://council.sejong.go.kr/,,page_content_observed,,https://clik.nanet.go.kr/potal/guide/relateSite.do
경기도의회,031001,경기도,,,lookup_failed,,https://clik.nanet.go.kr/potal/guide/relateSite.do
경기도 고양시의회,031003,경기도,https://www.goyangcouncil.go.kr/,https://www.goyangcouncil.go.kr/promote/minutes/late.do,page_content_observed,,https://clik.nanet.go.kr/potal/guide/relateSite.do
경기도 과천시의회,031004,경기도,,,not_checked,,https://clik.nanet.go.kr/potal/guide/relateSite.do
경기도 광명시의회,031005,경기도,,,not_checked,,https://clik.nanet.go.kr/potal/guide/relateSite.do
경기도 광주시의회,031006,경기도,https://www.gjcouncil.go.kr/,,page_content_observed,,https://clik.nanet.go.kr/potal/guide/relateSite.do
경기도 구리시의회,031007,경기도,,,not_checked,,https://clik.nanet.go.kr/potal/guide/relateSite.do
경기도 군포시의회,031008,경기도,,,not_checked,,https://clik.nanet.go.kr/potal/guide/relateSite.do
경기도 김포시의회,031009,경기도,,,lookup_failed,,https://clik.nanet.go.kr/potal/guide/relateSite.do
경기도 남양주시의회,031010,경기도,,,not_checked,,https://clik.nanet.go.kr/potal/guide/relateSite.do
경기도 동두천시의회,031011,경기도,,,not_checked,,https://clik.nanet.go.kr/potal/guide/relateSite.do
경기도 부천시의회,031012,경기도,https://council.bucheon.go.kr/intro.do,,limited_page_content,,https://clik.nanet.go.kr/potal/guide/relateSite.do
경기도 성남시의회,031013,경기도,https://www.sncouncil.go.kr/,,limited_page_content,,https://clik.nanet.go.kr/potal/guide/relateSite.do
경기도 수원시의회,031014,경기도,,,lookup_failed,,https://clik.nanet.go.kr/potal/guide/relateSite.do
경기도 시흥시의회,031015,경기도,,,not_checked,,https://clik.nanet.go.kr/potal/guide/relateSite.do
경기도 안산시의회,031016,경기도,,,not_checked,,https://clik.nanet.go.kr/potal/guide/relateSite.do
경기도 안성시의회,031017,경기도,,,not_checked,,https://clik.nanet.go.kr/potal/guide/relateSite.do
경기도 안양시의회,031018,경기도,,,not_checked,,https://clik.nanet.go.kr/potal/guide/relateSite.do
경기도 양주시의회,031019,경기도,,,not_checked,,https://clik.nanet.go.kr/potal/guide/relateSite.do
경기도 여주시의회,031021,경기도,,,not_checked,,https://clik.nanet.go.kr/potal/guide/relateSite.do
경기도 오산시의회,031023,경기도,,,not_checked,,https://clik.nanet.go.kr/potal/guide/relateSite.do
경기도 용인시의회,031024,경기도,,,not_checked,,https://clik.nanet.go.kr/potal/guide/relateSite.do
경기도 의왕시의회,031025,경기도,,,not_checked,,https://clik.nanet.go.kr/potal/guide/relateSite.do
경기도 의정부시의회,031026,경기도,,,not_checked,,https://clik.nanet.go.kr/potal/guide/relateSite.do
경기도 이천시의회,031027,경기도,,,not_checked,,https://clik.nanet.go.kr/potal/guide/relateSite.do
경기도 파주시의회,031028,경기도,,,not_checked,,https://clik.nanet.go.kr/potal/guide/relateSite.do
경기도 평택시의회,031029,경기도,,,not_checked,,https://clik.nanet.go.kr/potal/guide/relateSite.do
경기도 포천시의회,031030,경기도,,,not_checked,,https://clik.nanet.go.kr/potal/guide/relateSite.do
경기도 하남시의회,031031,경기도,,,not_checked,,https://clik.nanet.go.kr/potal/guide/relateSite.do
경기도 화성시의회,031032,경기도,,,not_checked,,https://clik.nanet.go.kr/potal/guide/relateSite.do
경기도 가평군의회,031002,경기도,,,not_checked,,https://clik.nanet.go.kr/potal/guide/relateSite.do
경기도 양평군의회,031020,경기도,,,not_checked,,https://clik.nanet.go.kr/potal/guide/relateSite.do
경기도 연천군의회,031022,경기도,,,not_checked,,https://clik.nanet.go.kr/potal/guide/relateSite.do
강원특별자치도의회,033001,강원특별자치도,https://council.gangwon.kr/,,page_content_observed,,https://clik.nanet.go.kr/potal/guide/relateSite.do
강원특별자치도 강릉시의회,033002,강원특별자치도,,,not_checked,,https://clik.nanet.go.kr/potal/guide/relateSite.do
강원특별자치도 동해시의회,033004,강원특별자치도,,,not_checked,,https://clik.nanet.go.kr/potal/guide/relateSite.do
강원특별자치도 삼척시의회,033005,강원특별자치도,,,not_checked,,https://clik.nanet.go.kr/potal/guide/relateSite.do
강원특별자치도 속초시의회,033006,강원특별자치도,,,not_checked,,https://clik.nanet.go.kr/potal/guide/relateSite.do
강원특별자치도 원주시의회,033010,강원특별자치도,,,not_checked,,https://clik.nanet.go.kr/potal/guide/relateSite.do
강원특별자치도 춘천시의회,033014,강원특별자치도,,,not_checked,,https://clik.nanet.go.kr/potal/guide/relateSite.do
강원특별자치도 태백시의회,033015,강원특별자치도,,,not_checked,,https://clik.nanet.go.kr/potal/guide/relateSite.do
강원특별자치도 고성군의회,033003,강원특별자치도,,,not_checked,,https://clik.nanet.go.kr/potal/guide/relateSite.do
강원특별자치도 양구군의회,033007,강원특별자치도,,,not_checked,,https://clik.nanet.go.kr/potal/guide/relateSite.do
강원특별자치도 양양군의회,033008,강원특별자치도,,,not_checked,,https://clik.nanet.go.kr/potal/guide/relateSite.do
강원특별자치도 영월군의회,033009,강원특별자치도,,,not_checked,,https://clik.nanet.go.kr/potal/guide/relateSite.do
강원특별자치도 인제군의회,033011,강원특별자치도,,,not_checked,,https://clik.nanet.go.kr/potal/guide/relateSite.do
강원특별자치도 정선군의회,033012,강원특별자치도,,,not_checked,,https://clik.nanet.go.kr/potal/guide/relateSite.do
강원특별자치도 철원군의회,033013,강원특별자치도,,,not_checked,,https://clik.nanet.go.kr/potal/guide/relateSite.do
강원특별자치도 평창군의회,033016,강원특별자치도,,,not_checked,,https://clik.nanet.go.kr/potal/guide/relateSite.do
강원특별자치도 홍천군의회,033017,강원특별자치도,,,not_checked,,https://clik.nanet.go.kr/potal/guide/relateSite.do
강원특별자치도 화천군의회,033018,강원특별자치도,,,not_checked,,https://clik.nanet.go.kr/potal/guide/relateSite.do
강원특별자치도 횡성군의회,033019,강원특별자치도,,,not_checked,,https://clik.nanet.go.kr/potal/guide/relateSite.do
충청북도의회,043001,충청북도,,,lookup_failed,,https://clik.nanet.go.kr/potal/guide/relateSite.do
충청북도 제천시의회,043008,충청북도,,,not_checked,,https://clik.nanet.go.kr/potal/guide/relateSite.do
충청북도 청주시의회,043012,충청북도,,,lookup_failed,,https://clik.nanet.go.kr/potal/guide/relateSite.do
충청북도 충주시의회,043013,충청북도,,,not_checked,,https://clik.nanet.go.kr/potal/guide/relateSite.do
충청북도 괴산군의회,043002,충청북도,,,not_checked,,https://clik.nanet.go.kr/potal/guide/relateSite.do
충청북도 단양군의회,043003,충청북도,,,not_checked,,https://clik.nanet.go.kr/potal/guide/relateSite.do
충청북도 보은군의회,043004,충청북도,,,not_checked,,https://clik.nanet.go.kr/potal/guide/relateSite.do
충청북도 영동군의회,043005,충청북도,,,not_checked,,https://clik.nanet.go.kr/potal/guide/relateSite.do
충청북도 옥천군의회,043006,충청북도,,,not_checked,,https://clik.nanet.go.kr/potal/guide/relateSite.do
충청북도 음성군의회,043007,충청북도,,,not_checked,,https://clik.nanet.go.kr/potal/guide/relateSite.do
충청북도 증평군의회,043009,충청북도,,,not_checked,,https://clik.nanet.go.kr/potal/guide/relateSite.do
충청북도 진천군의회,043010,충청북도,,,not_checked,,https://clik.nanet.go.kr/potal/guide/relateSite.do
충청남도의회,041001,충청남도,,,lookup_failed,,https://clik.nanet.go.kr/potal/guide/relateSite.do
충청남도 공주시의회,041003,충청남도,,,not_checked,,https://clik.nanet.go.kr/potal/guide/relateSite.do
충청남도 계룡시의회,041002,충청남도,,,not_checked,,https://clik.nanet.go.kr/potal/guide/relateSite.do
충청남도 논산시의회,041005,충청남도,,,not_checked,,https://clik.nanet.go.kr/potal/guide/relateSite.do
충청남도 당진시의회,041006,충청남도,,,not_checked,,https://clik.nanet.go.kr/potal/guide/relateSite.do
충청남도 보령시의회,041007,충청남도,,,not_checked,,https://clik.nanet.go.kr/potal/guide/relateSite.do
충청남도 서산시의회,041009,충청남도,,,not_checked,,https://clik.nanet.go.kr/potal/guide/relateSite.do
충청남도 아산시의회,041011,충청남도,,,not_checked,,https://clik.nanet.go.kr/potal/guide/relateSite.do
충청남도 천안시의회,041013,충청남도,,,not_checked,,https://clik.nanet.go.kr/potal/guide/relateSite.do
충청남도 금산군의회,041004,충청남도,,,not_checked,,https://clik.nanet.go.kr/potal/guide/relateSite.do
충청남도 부여군의회,041008,충청남도,,,not_checked,,https://clik.nanet.go.kr/potal/guide/relateSite.do
충청남도 서천군의회,041010,충청남도,,,not_checked,,https://clik.nanet.go.kr/potal/guide/relateSite.do
충청남도 예산군의회,041012,충청남도,,,not_checked,,https://clik.nanet.go.kr/potal/guide/relateSite.do
충청남도 청양군의회,041014,충청남도,,,not_checked,,https://clik.nanet.go.kr/potal/guide/relateSite.do
충청남도 태안군의회,041015,충청남도,,,not_checked,,https://clik.nanet.go.kr/potal/guide/relateSite.do
충청남도 홍성군의회,041016,충청남도,,,not_checked,,https://clik.nanet.go.kr/potal/guide/relateSite.do
전북특별자치도의회,063001,전북특별자치도,https://www.jbstatecouncil.jeonbuk.kr/,,limited_page_content,,https://clik.nanet.go.kr/potal/guide/relateSite.do
전북특별자치도 군산시의회,063003,전북특별자치도,,,not_checked,,https://clik.nanet.go.kr/potal/guide/relateSite.do
전북특별자치도 김제시의회,063004,전북특별자치도,,,not_checked,,https://clik.nanet.go.kr/potal/guide/relateSite.do
전북특별자치도 남원시의회,063005,전북특별자치도,,,not_checked,,https://clik.nanet.go.kr/potal/guide/relateSite.do
전북특별자치도 익산시의회,063010,전북특별자치도,,,not_checked,,https://clik.nanet.go.kr/potal/guide/relateSite.do
전북특별자치도 전주시의회,063013,전북특별자치도,https://council.jeonju.go.kr/,,limited_page_content,,https://clik.nanet.go.kr/potal/guide/relateSite.do
전북특별자치도 정읍시의회,063014,전북특별자치도,,,not_checked,,https://clik.nanet.go.kr/potal/guide/relateSite.do
전북특별자치도 고창군의회,063002,전북특별자치도,,,not_checked,,https://clik.nanet.go.kr/potal/guide/relateSite.do
전북특별자치도 무주군의회,063006,전북특별자치도,,,not_checked,,https://clik.nanet.go.kr/potal/guide/relateSite.do
전북특별자치도 부안군의회,063007,전북특별자치도,,,not_checked,,https://clik.nanet.go.kr/potal/guide/relateSite.do
전북특별자치도 순창군의회,063008,전북특별자치도,,,not_checked,,https://clik.nanet.go.kr/potal/guide/relateSite.do
전북특별자치도 완주군의회,063009,전북특별자치도,,,not_checked,,https://clik.nanet.go.kr/potal/guide/relateSite.do
전북특별자치도 임실군의회,063011,전북특별자치도,,,not_checked,,https://clik.nanet.go.kr/potal/guide/relateSite.do
전북특별자치도 장수군의회,063012,전북특별자치도,,,not_checked,,https://clik.nanet.go.kr/potal/guide/relateSite.do
전북특별자치도 진안군의회,063015,전북특별자치도,,,not_checked,,https://clik.nanet.go.kr/potal/guide/relateSite.do
전라남도의회,061001,전라남도,,,lookup_failed,,https://clik.nanet.go.kr/potal/guide/relateSite.do
전남광주통합특별시 광양시의회,061005,전남광주통합특별시,,,not_checked,,https://clik.nanet.go.kr/potal/guide/relateSite.do
전남광주통합특별시 나주시의회,061007,전남광주통합특별시,,,lookup_failed,,https://clik.nanet.go.kr/potal/guide/relateSite.do
전남광주통합특별시 목포시의회,061009,전남광주통합특별시,,,lookup_failed,,https://clik.nanet.go.kr/potal/guide/relateSite.do
전남광주통합특별시 순천시의회,061012,전남광주통합특별시,,,lookup_failed,,https://clik.nanet.go.kr/potal/guide/relateSite.do
전남광주통합특별시 여수시의회,061014,전남광주통합특별시,,,not_checked,,https://clik.nanet.go.kr/potal/guide/relateSite.do
전남광주통합특별시 강진군의회,061002,전남광주통합특별시,,,not_checked,,https://clik.nanet.go.kr/potal/guide/relateSite.do
전남광주통합특별시 고흥군의회,061003,전남광주통합특별시,,,not_checked,,https://clik.nanet.go.kr/potal/guide/relateSite.do
전남광주통합특별시 곡성군의회,061004,전남광주통합특별시,,,not_checked,,https://clik.nanet.go.kr/potal/guide/relateSite.do
전남광주통합특별시 구례군의회,061006,전남광주통합특별시,,,not_checked,,https://clik.nanet.go.kr/potal/guide/relateSite.do
전남광주통합특별시 담양군의회,061008,전남광주통합특별시,,,not_checked,,https://clik.nanet.go.kr/potal/guide/relateSite.do
전남광주통합특별시 무안군의회,061010,전남광주통합특별시,,,not_checked,,https://clik.nanet.go.kr/potal/guide/relateSite.do
전남광주통합특별시 보성군의회,061011,전남광주통합특별시,,,not_checked,,https://clik.nanet.go.kr/potal/guide/relateSite.do
전남광주통합특별시 신안군의회,061013,전남광주통합특별시,,,not_checked,,https://clik.nanet.go.kr/potal/guide/relateSite.do
전남광주통합특별시 영광군의회,061015,전남광주통합특별시,,,not_checked,,https://clik.nanet.go.kr/potal/guide/relateSite.do
전남광주통합특별시 영암군의회,061016,전남광주통합특별시,,,not_checked,,https://clik.nanet.go.kr/potal/guide/relateSite.do
전남광주통합특별시 완도군의회,061017,전남광주통합특별시,,,not_checked,,https://clik.nanet.go.kr/potal/guide/relateSite.do
전남광주통합특별시 장성군의회,061018,전남광주통합특별시,,,not_checked,,https://clik.nanet.go.kr/potal/guide/relateSite.do
전남광주통합특별시 장흥군의회,061019,전남광주통합특별시,,,not_checked,,https://clik.nanet.go.kr/potal/guide/relateSite.do
전남광주통합특별시 진도군의회,061020,전남광주통합특별시,,,not_checked,,https://clik.nanet.go.kr/potal/guide/relateSite.do
전남광주통합특별시 함평군의회,061021,전남광주통합특별시,,,not_checked,,https://clik.nanet.go.kr/potal/guide/relateSite.do
전남광주통합특별시 해남군의회,061022,전남광주통합특별시,,,not_checked,,https://clik.nanet.go.kr/potal/guide/relateSite.do
전남광주통합특별시 화순군의회,061023,전남광주통합특별시,,,not_checked,,https://clik.nanet.go.kr/potal/guide/relateSite.do
경상북도의회,054001,경상북도,https://council.gb.go.kr/,,page_content_observed,,https://clik.nanet.go.kr/potal/guide/relateSite.do
경상북도 경산시의회,054002,경상북도,,,not_checked,,https://clik.nanet.go.kr/potal/guide/relateSite.do
경상북도 경주시의회,054003,경상북도,,,not_checked,,https://clik.nanet.go.kr/potal/guide/relateSite.do
경상북도 구미시의회,054005,경상북도,,,not_checked,,https://clik.nanet.go.kr/potal/guide/relateSite.do
경상북도 김천시의회,054007,경상북도,,,not_checked,,https://clik.nanet.go.kr/potal/guide/relateSite.do
경상북도 문경시의회,054008,경상북도,,,not_checked,,https://clik.nanet.go.kr/potal/guide/relateSite.do
경상북도 상주시의회,054010,경상북도,,,not_checked,,https://clik.nanet.go.kr/potal/guide/relateSite.do
경상북도 안동시의회,054012,경상북도,,,not_checked,,https://clik.nanet.go.kr/potal/guide/relateSite.do
경상북도 영주시의회,054015,경상북도,,,not_checked,,https://clik.nanet.go.kr/potal/guide/relateSite.do
경상북도 영천시의회,054016,경상북도,,,not_checked,,https://clik.nanet.go.kr/potal/guide/relateSite.do
경상북도 포항시의회,054024,경상북도,,,not_checked,,https://clik.nanet.go.kr/potal/guide/relateSite.do
경상북도 고령군의회,054004,경상북도,,,not_checked,,https://clik.nanet.go.kr/potal/guide/relateSite.do
대구광역시 군위군의회,053010,대구광역시,,,not_checked,,https://clik.nanet.go.kr/potal/guide/relateSite.do
경상북도 봉화군의회,054009,경상북도,,,not_checked,,https://clik.nanet.go.kr/potal/guide/relateSite.do
경상북도 성주군의회,054011,경상북도,,,not_checked,,https://clik.nanet.go.kr/potal/guide/relateSite.do
경상북도 영덕군의회,054013,경상북도,,,not_checked,,https://clik.nanet.go.kr/potal/guide/relateSite.do
경상북도 영양군의회,054014,경상북도,,,not_checked,,https://clik.nanet.go.kr/potal/guide/relateSite.do
경상북도 예천군의회,054017,경상북도,,,not_checked,,https://clik.nanet.go.kr/potal/guide/relateSite.do
경상북도 울릉군의회,054018,경상북도,,,not_checked,,https://clik.nanet.go.kr/potal/guide/relateSite.do
경상북도 울진군의회,054019,경상북도,,,not_checked,,https://clik.nanet.go.kr/potal/guide/relateSite.do
경상북도 의성군의회,054020,경상북도,,,not_checked,,https://clik.nanet.go.kr/potal/guide/relateSite.do
경상북도 청도군의회,054021,경상북도,,,not_checked,,https://clik.nanet.go.kr/potal/guide/relateSite.do
경상북도 청송군의회,054022,경상북도,,,not_checked,,https://clik.nanet.go.kr/potal/guide/relateSite.do
경상북도 칠곡군의회,054023,경상북도,,,not_checked,,https://clik.nanet.go.kr/potal/guide/relateSite.do
경상남도의회,055001,경상남도,https://council.gyeongnam.go.kr/intro/intro.do,,limited_page_content,,https://clik.nanet.go.kr/potal/guide/relateSite.do
경상남도 거제시의회,055002,경상남도,,,not_checked,,https://clik.nanet.go.kr/potal/guide/relateSite.do
경상남도 김해시의회,055005,경상남도,,,not_checked,,https://clik.nanet.go.kr/potal/guide/relateSite.do
경상남도 밀양시의회,055007,경상남도,,,not_checked,,https://clik.nanet.go.kr/potal/guide/relateSite.do
경상남도 사천시의회,055008,경상남도,,,not_checked,,https://clik.nanet.go.kr/potal/guide/relateSite.do
경상남도 양산시의회,055010,경상남도,,,not_checked,,https://clik.nanet.go.kr/potal/guide/relateSite.do
경상남도 진주시의회,055012,경상남도,,,not_checked,,https://clik.nanet.go.kr/potal/guide/relateSite.do
경상남도 창원시의회,055019,경상남도,,,not_checked,,https://clik.nanet.go.kr/potal/guide/relateSite.do
경상남도 통영시의회,055014,경상남도,,,not_checked,,https://clik.nanet.go.kr/potal/guide/relateSite.do
경상남도 거창군의회,055003,경상남도,,,not_checked,,https://clik.nanet.go.kr/potal/guide/relateSite.do
경상남도 고성군의회,055004,경상남도,,,not_checked,,https://clik.nanet.go.kr/potal/guide/relateSite.do
경상남도 남해군의회,055006,경상남도,,,not_checked,,https://clik.nanet.go.kr/potal/guide/relateSite.do
경상남도 산청군의회,055009,경상남도,,,not_checked,,https://clik.nanet.go.kr/potal/guide/relateSite.do
경상남도 의령군의회,055011,경상남도,,,not_checked,,https://clik.nanet.go.kr/potal/guide/relateSite.do
경상남도 창녕군의회,055013,경상남도,,,not_checked,,https://clik.nanet.go.kr/potal/guide/relateSite.do
경상남도 하동군의회,055015,경상남도,,,not_checked,,https://clik.nanet.go.kr/potal/guide/relateSite.do
경상남도 함안군의회,055016,경상남도,,,not_checked,,https://clik.nanet.go.kr/potal/guide/relateSite.do
경상남도 함양군의회,055017,경상남도,,,not_checked,,https://clik.nanet.go.kr/potal/guide/relateSite.do
경상남도 합천군의회,055018,경상남도,,,not_checked,,https://clik.nanet.go.kr/potal/guide/relateSite.do
제주특별자치도의회,064001,제주특별자치도,https://www.council.jeju.kr/,,limited_page_content,,https://clik.nanet.go.kr/potal/guide/relateSite.do
인천광역시 검단구의회,032015,인천광역시,,,not_checked,,
인천광역시 서해구의회,032008,인천광역시,,,not_checked,,
인천광역시 영종구의회,032013,인천광역시,,,not_checked,,
인천광역시 제물포구의회,032012,인천광역시,,,not_checked,,
전남광주통합특별시의회,065001,전남광주통합특별시,,,not_checked,,
